constraint,source_table,source_columns,target_table
FK_Activities_Users_CreatedBy,Crm.Activities,CreatedBy,Crm.Users
FK_Activities_Users_DeletedBy,Crm.Activities,DeletedBy,Crm.Users
FK_Activities_Users_UpdatedBy,Crm.Activities,UpdatedBy,Crm.Users
FK_ActivityRecords_Users_CreatedBy,Crm.ActivityRecords,CreatedBy,Crm.Users
FK_ActivityRecords_Users_DeletedBy,Crm.ActivityRecords,DeletedBy,Crm.Users
FK_ActivityRecords_Users_UpdatedBy,Crm.ActivityRecords,UpdatedBy,Crm.Users
FK_ActivityTypes_Users_CreatedBy,Crm.ActivityTypes,CreatedBy,Crm.Users
FK_ActivityTypes_Users_DeletedBy,Crm.ActivityTypes,DeletedBy,Crm.Users
FK_ActivityTypes_Users_UpdatedBy,Crm.ActivityTypes,UpdatedBy,Crm.Users
FK_AdForms_Users_CreatedBy,Crm.AdForms,CreatedBy,Crm.Users
FK_AdForms_Users_DeletedBy,Crm.AdForms,DeletedBy,Crm.Users
FK_AdForms_Users_UpdatedBy,Crm.AdForms,UpdatedBy,Crm.Users
FK_Advices_Users_CreatedBy,Crm.Advices,CreatedBy,Crm.Users
FK_Advices_Users_DeletedBy,Crm.Advices,DeletedBy,Crm.Users
FK_Advices_Users_UpdatedBy,Crm.Advices,UpdatedBy,Crm.Users
FK_Announcement_Users_CreatedBy,Crm.Announcement,CreatedBy,Crm.Users
FK_Announcement_Users_DeletedBy,Crm.Announcement,DeletedBy,Crm.Users
FK_Announcement_Users_UpdatedBy,Crm.Announcement,UpdatedBy,Crm.Users
FK_AppointmentAssignments_Users_CreatedBy,Crm.AppointmentAssignments,CreatedBy,Crm.Users
FK_AppointmentAssignments_Users_DeletedBy,Crm.AppointmentAssignments,DeletedBy,Crm.Users
FK_AppointmentAssignments_Users_UpdatedBy,Crm.AppointmentAssignments,UpdatedBy,Crm.Users
FK_Areas_Users_CreatedBy,Crm.Areas,CreatedBy,Crm.Users
FK_Areas_Users_DeletedBy,Crm.Areas,DeletedBy,Crm.Users
FK_Areas_Users_UpdatedBy,Crm.Areas,UpdatedBy,Crm.Users
FK_AssignedBidApprovers_Users_CreatedBy,Crm.AssignedBidApprovers,CreatedBy,Crm.Users
FK_AssignedBidApprovers_Users_DeletedBy,Crm.AssignedBidApprovers,DeletedBy,Crm.Users
FK_AssignedBidApprovers_Users_UpdatedBy,Crm.AssignedBidApprovers,UpdatedBy,Crm.Users
FK_Authorities_Users_CreatedBy,Crm.Authorities,CreatedBy,Crm.Users
FK_Authorities_Users_DeletedBy,Crm.Authorities,DeletedBy,Crm.Users
FK_Authorities_Users_UpdatedBy,Crm.Authorities,UpdatedBy,Crm.Users
FK_BankDetails_Users_CreatedBy,Crm.BankDetails,CreatedBy,Crm.Users
FK_BankDetails_Users_DeletedBy,Crm.BankDetails,DeletedBy,Crm.Users
FK_BankDetails_Users_UpdatedBy,Crm.BankDetails,UpdatedBy,Crm.Users
FK_BankLogs_Users_CreatedBy,Crm.BankLogs,CreatedBy,Crm.Users
FK_BankLogs_Users_DeletedBy,Crm.BankLogs,DeletedBy,Crm.Users
FK_BankLogs_Users_UpdatedBy,Crm.BankLogs,UpdatedBy,Crm.Users
FK_Banks_Users_CreatedBy,Crm.Banks,CreatedBy,Crm.Users
FK_Banks_Users_DeletedBy,Crm.Banks,DeletedBy,Crm.Users
FK_Banks_Users_UpdatedBy,Crm.Banks,UpdatedBy,Crm.Users
FK_BidInstallments_Users_CreatedBy,Crm.BidInstallments,CreatedBy,Crm.Users
FK_BidInstallments_Users_DeletedBy,Crm.BidInstallments,DeletedBy,Crm.Users
FK_BidInstallments_Users_UpdatedBy,Crm.BidInstallments,UpdatedBy,Crm.Users
FK_BranchCategories_Users_CreatedBy,Crm.BranchCategories,CreatedBy,Crm.Users
FK_BranchCategories_Users_DeletedBy,Crm.BranchCategories,DeletedBy,Crm.Users
FK_BranchCategories_Users_UpdatedBy,Crm.BranchCategories,UpdatedBy,Crm.Users
FK_CampaignBranches_Users_CreatedBy,Crm.CampaignBranches,CreatedBy,Crm.Users
FK_CampaignBranches_Users_DeletedBy,Crm.CampaignBranches,DeletedBy,Crm.Users
FK_CampaignBranches_Users_UpdatedBy,Crm.CampaignBranches,UpdatedBy,Crm.Users
FK_CampaignItems_Users_CreatedBy,Crm.CampaignItems,CreatedBy,Crm.Users
FK_CampaignItems_Users_DeletedBy,Crm.CampaignItems,DeletedBy,Crm.Users
FK_CampaignItems_Users_UpdatedBy,Crm.CampaignItems,UpdatedBy,Crm.Users
FK_CampaignSources_Users_CreatedBy,Crm.CampaignSources,CreatedBy,Crm.Users
FK_CampaignSources_Users_DeletedBy,Crm.CampaignSources,DeletedBy,Crm.Users
FK_CampaignSources_Users_UpdatedBy,Crm.CampaignSources,UpdatedBy,Crm.Users
FK_Campaigns_Users_CreatedBy,Crm.Campaigns,CreatedBy,Crm.Users
FK_Campaigns_Users_DeletedBy,Crm.Campaigns,DeletedBy,Crm.Users
FK_Campaigns_Users_UpdatedBy,Crm.Campaigns,UpdatedBy,Crm.Users
FK_CashPriceIntervalRates_Users_CreatedBy,Crm.CashPriceIntervalRates,CreatedBy,Crm.Users
FK_CashPriceIntervalRates_Users_DeletedBy,Crm.CashPriceIntervalRates,DeletedBy,Crm.Users
FK_CashPriceIntervalRates_Users_UpdatedBy,Crm.CashPriceIntervalRates,UpdatedBy,Crm.Users
FK_ComplaintNotes_Users_CreatedBy,Crm.ComplaintNotes,CreatedBy,Crm.Users
FK_ComplaintNotes_Users_DeletedBy,Crm.ComplaintNotes,DeletedBy,Crm.Users
FK_ComplaintNotes_Users_UpdatedBy,Crm.ComplaintNotes,UpdatedBy,Crm.Users
FK_Complaints_Users_CreatedBy,Crm.Complaints,CreatedBy,Crm.Users
FK_Complaints_Users_DeletedBy,Crm.Complaints,DeletedBy,Crm.Users
FK_Complaints_Users_UpdatedBy,Crm.Complaints,UpdatedBy,Crm.Users
FK_ContractLeavingLogs_Users_CreatedBy,Crm.ContractLeavingLogs,CreatedBy,Crm.Users
FK_ContractLeavingLogs_Users_DeletedBy,Crm.ContractLeavingLogs,DeletedBy,Crm.Users
FK_ContractLeavingLogs_Users_UpdatedBy,Crm.ContractLeavingLogs,UpdatedBy,Crm.Users
FK_ContractLeavings_Users_CreatedBy,Crm.ContractLeavings,CreatedBy,Crm.Users
FK_ContractLeavings_Users_DeletedBy,Crm.ContractLeavings,DeletedBy,Crm.Users
FK_ContractLeavings_Users_UpdatedBy,Crm.ContractLeavings,UpdatedBy,Crm.Users
FK_ContractProductDeliveryRange_Users_CreatedBy,Crm.ContractProductDeliveryRange,CreatedBy,Crm.Users
FK_ContractProductDeliveryRange_Users_DeletedBy,Crm.ContractProductDeliveryRange,DeletedBy,Crm.Users
FK_ContractProductDeliveryRange_Users_UpdatedBy,Crm.ContractProductDeliveryRange,UpdatedBy,Crm.Users
FK_ContractProducts_Users_CreatedBy,Crm.ContractProducts,CreatedBy,Crm.Users
FK_ContractProducts_Users_DeletedBy,Crm.ContractProducts,DeletedBy,Crm.Users
FK_ContractRevisions_Users_CreatedByUserUid,Crm.ContractRevisions,CreatedByUserUid,Crm.Users
FK_ContractRevisions_Users_DeletedByUserUid,Crm.ContractRevisions,DeletedByUserUid,Crm.Users
FK_ContractRevisions_Users_UpdatedByUserUid,Crm.ContractRevisions,UpdatedByUserUid,Crm.Users
FK_ContractTemplate_Users_CreatedBy,Crm.ContractTemplate,CreatedBy,Crm.Users
FK_ContractTemplate_Users_DeletedBy,Crm.ContractTemplate,DeletedBy,Crm.Users
FK_ContractTemplate_Users_UpdatedBy,Crm.ContractTemplate,UpdatedBy,Crm.Users
FK_ContractTemplateVariables_Users_CreatedBy,Crm.ContractTemplateVariables,CreatedBy,Crm.Users
FK_ContractTemplateVariables_Users_DeletedBy,Crm.ContractTemplateVariables,DeletedBy,Crm.Users
FK_CostForms_Users_CreatedBy,Crm.CostForms,CreatedBy,Crm.Users
FK_CostForms_Users_DeletedBy,Crm.CostForms,DeletedBy,Crm.Users
FK_CostForms_Users_UpdatedBy,Crm.CostForms,UpdatedBy,Crm.Users
FK_CostItems_Users_CreatedBy,Crm.CostItems,CreatedBy,Crm.Users
FK_CostItems_Users_DeletedBy,Crm.CostItems,DeletedBy,Crm.Users
FK_CostItems_Users_UpdatedBy,Crm.CostItems,UpdatedBy,Crm.Users
FK_CostTypes_Users_CreatedBy,Crm.CostTypes,CreatedBy,Crm.Users
FK_CostTypes_Users_DeletedBy,Crm.CostTypes,DeletedBy,Crm.Users
FK_CostTypes_Users_UpdatedBy,Crm.CostTypes,UpdatedBy,Crm.Users
FK_Costs_Users_CreatedBy,Crm.Costs,CreatedBy,Crm.Users
FK_Costs_Users_DeletedBy,Crm.Costs,DeletedBy,Crm.Users
FK_Costs_Users_UpdatedBy,Crm.Costs,UpdatedBy,Crm.Users
FK_CustomerLoginFaileds_Users_CreatedBy,Crm.CustomerLoginFaileds,CreatedBy,Crm.Users
FK_CustomerLoginFaileds_Users_DeletedBy,Crm.CustomerLoginFaileds,DeletedBy,Crm.Users
FK_CustomerLoginFaileds_Users_UpdatedBy,Crm.CustomerLoginFaileds,UpdatedBy,Crm.Users
FK_CustomerLoginSmsFaileds_Users_CreatedBy,Crm.CustomerLoginSmsFaileds,CreatedBy,Crm.Users
FK_CustomerLoginSmsFaileds_Users_DeletedBy,Crm.CustomerLoginSmsFaileds,DeletedBy,Crm.Users
FK_CustomerLoginSmsFaileds_Users_UpdatedBy,Crm.CustomerLoginSmsFaileds,UpdatedBy,Crm.Users
FK_CustomerLogins_Users_CreatedBy,Crm.CustomerLogins,CreatedBy,Crm.Users
FK_CustomerLogins_Users_DeletedBy,Crm.CustomerLogins,DeletedBy,Crm.Users
FK_CustomerLogins_Users_UpdatedBy,Crm.CustomerLogins,UpdatedBy,Crm.Users
FK_CustomerSources_Users_CreatedBy,Crm.CustomerSources,CreatedBy,Crm.Users
FK_CustomerSources_Users_DeletedBy,Crm.CustomerSources,DeletedBy,Crm.Users
FK_CustomerSources_Users_UpdatedBy,Crm.CustomerSources,UpdatedBy,Crm.Users
FK_Customers_Users_CreatedBy,Crm.Customers,CreatedBy,Crm.Users
FK_Customers_Users_DeletedBy,Crm.Customers,DeletedBy,Crm.Users
FK_Customers_Users_UpdatedBy,Crm.Customers,UpdatedBy,Crm.Users
FK_DailyServicePricePaidLog_Users_CreatedBy,Crm.DailyServicePricePaidLogs,CreatedBy,Crm.Users
FK_DailyServicePricePaidLog_Users_DeletedBy,Crm.DailyServicePricePaidLogs,DeletedBy,Crm.Users
FK_DailyServicePricePaidLog_Users_UpdatedBy,Crm.DailyServicePricePaidLogs,UpdatedBy,Crm.Users
FK_DataAnalysisLogs_Users_CreatedBy,Crm.DataAnalysisLogs,CreatedBy,Crm.Users
FK_DataAnalysisLogs_Users_DeletedBy,Crm.DataAnalysisLogs,DeletedBy,Crm.Users
FK_DataAnalysisLogs_Users_UpdatedBy,Crm.DataAnalysisLogs,UpdatedBy,Crm.Users
FK_Debits_Users_CreatedBy,Crm.Debits,CreatedBy,Crm.Users
FK_Debits_Users_DeletedBy,Crm.Debits,DeletedBy,Crm.Users
FK_Debits_Users_UpdatedBy,Crm.Debits,UpdatedBy,Crm.Users
FK_Deliveries_Users_CreatedBy,Crm.Deliveries,CreatedBy,Crm.Users
FK_Deliveries_Users_DeletedBy,Crm.Deliveries,DeletedBy,Crm.Users
FK_Deliveries_Users_UpdatedBy,Crm.Deliveries,UpdatedBy,Crm.Users
FK_DeliveryCallHistories_Users_CreatedBy,Crm.DeliveryCallHistories,CreatedBy,Crm.Users
FK_DeliveryCallHistories_Users_DeletedBy,Crm.DeliveryCallHistories,DeletedBy,Crm.Users
FK_DeliveryCallHistories_Users_UpdatedBy,Crm.DeliveryCallHistories,UpdatedBy,Crm.Users
FK_DeliveryCallNotes_Users_CreatedBy,Crm.DeliveryCallNotes,CreatedBy,Crm.Users
FK_DeliveryCallNotes_Users_DeletedBy,Crm.DeliveryCallNotes,DeletedBy,Crm.Users
FK_DeliveryCallNotes_Users_UpdatedBy,Crm.DeliveryCallNotes,UpdatedBy,Crm.Users
FK_DeliveryCalls_Users_CreatedBy,Crm.DeliveryCalls,CreatedBy,Crm.Users
FK_DeliveryCalls_Users_DeletedBy,Crm.DeliveryCalls,DeletedBy,Crm.Users
FK_DeliveryCalls_Users_UpdatedBy,Crm.DeliveryCalls,UpdatedBy,Crm.Users
FK_DeliveryEmployees_Users_CreatedBy,Crm.DeliveryEmployees,CreatedBy,Crm.Users
FK_DeliveryEmployees_Users_DeletedBy,Crm.DeliveryEmployees,DeletedBy,Crm.Users
FK_DeliveryEmployees_Users_UpdatedBy,Crm.DeliveryEmployees,UpdatedBy,Crm.Users
FK_DeliveryFiles_Users_CreatedBy,Crm.DeliveryFiles,CreatedBy,Crm.Users
FK_DeliveryFiles_Users_DeletedBy,Crm.DeliveryFiles,DeletedBy,Crm.Users
FK_DeliveryFiles_Users_UpdatedBy,Crm.DeliveryFiles,UpdatedBy,Crm.Users
FK_DeliveryPayments_Users_CreatedBy,Crm.DeliveryPayments,CreatedBy,Crm.Users
FK_DeliveryPayments_Users_DeletedBy,Crm.DeliveryPayments,DeletedBy,Crm.Users
FK_DeliveryPayments_Users_UpdatedBy,Crm.DeliveryPayments,UpdatedBy,Crm.Users
FK_DeliveryRanges_Users_CreatedBy,Crm.DeliveryRanges,CreatedBy,Crm.Users
FK_DeliveryRanges_Users_DeletedBy,Crm.DeliveryRanges,DeletedBy,Crm.Users
FK_DeliveryRanges_Users_UpdatedBy,Crm.DeliveryRanges,UpdatedBy,Crm.Users
FK_DeliveryWorkAdvances_Users_CreatedBy,Crm.DeliveryWorkAdvances,CreatedBy,Crm.Users
FK_DeliveryWorkAdvances_Users_DeletedBy,Crm.DeliveryWorkAdvances,DeletedBy,Crm.Users
FK_DeliveryWorkAdvances_Users_UpdatedBy,Crm.DeliveryWorkAdvances,UpdatedBy,Crm.Users
FK_Distraints_Users_CreatedBy,Crm.Distraints,CreatedBy,Crm.Users
FK_Distraints_Users_DeletedBy,Crm.Distraints,DeletedBy,Crm.Users
FK_Distraints_Users_UpdatedBy,Crm.Distraints,UpdatedBy,Crm.Users
FK_Documents_Users_CreatedBy,Crm.Documents,CreatedBy,Crm.Users
FK_Documents_Users_DeletedBy,Crm.Documents,DeletedBy,Crm.Users
FK_Documents_Users_UpdatedBy,Crm.Documents,UpdatedBy,Crm.Users
FK_DrawCodes_Users_CreatedBy,Crm.DrawCodes,CreatedBy,Crm.Users
FK_DrawCodes_Users_DeletedBy,Crm.DrawCodes,DeletedBy,Crm.Users
FK_DrawCodes_Users_UpdatedBy,Crm.DrawCodes,UpdatedBy,Crm.Users
FK_Draws_Users_CreatedBy,Crm.Draws,CreatedBy,Crm.Users
FK_Draws_Users_DeletedBy,Crm.Draws,DeletedBy,Crm.Users
FK_Draws_Users_UpdatedBy,Crm.Draws,UpdatedBy,Crm.Users
FK_ETesisTerkinContractIbans_Users_CreatedBy,Crm.ETesisTerkinContractIbans,CreatedBy,Crm.Users
FK_ETesisTerkinContractIbans_Users_DeletedBy,Crm.ETesisTerkinContractIbans,DeletedBy,Crm.Users
FK_ETesisTerkinContractIbans_Users_UpdatedBy,Crm.ETesisTerkinContractIbans,UpdatedBy,Crm.Users
FK_ETesisTerkinIntegrations_Users_CreatedBy,Crm.ETesisTerkinIntegrations,CreatedBy,Crm.Users
FK_ETesisTerkinIntegrations_Users_DeletedBy,Crm.ETesisTerkinIntegrations,DeletedBy,Crm.Users
FK_ETesisTerkinIntegrations_Users_UpdatedBy,Crm.ETesisTerkinIntegrations,UpdatedBy,Crm.Users
FK_FileTypeCategories_Users_CreatedBy,Crm.FileTypeCategories,CreatedBy,Crm.Users
FK_FileTypeCategories_Users_DeletedBy,Crm.FileTypeCategories,DeletedBy,Crm.Users
FK_FileTypeCategories_Users_UpdatedBy,Crm.FileTypeCategories,UpdatedBy,Crm.Users
FK_FileTypes_Users_CreatedBy,Crm.FileTypes,CreatedBy,Crm.Users
FK_FileTypes_Users_DeletedBy,Crm.FileTypes,DeletedBy,Crm.Users
FK_FileTypes_Users_UpdatedBy,Crm.FileTypes,UpdatedBy,Crm.Users
FK_Files_Users_CreatedBy,Crm.Files,CreatedBy,Crm.Users
FK_Files_Users_DeletedBy,Crm.Files,DeletedBy,Crm.Users
FK_Files_Users_UpdatedBy,Crm.Files,UpdatedBy,Crm.Users
FK_Firms_Users_CreatedBy,Crm.Firms,CreatedBy,Crm.Users
FK_Firms_Users_DeletedBy,Crm.Firms,DeletedBy,Crm.Users
FK_Firms_Users_UpdatedBy,Crm.Firms,UpdatedBy,Crm.Users
FK_GroupProducts_Users_CreatedBy,Crm.GroupProducts,CreatedBy,Crm.Users
FK_GroupProducts_Users_DeletedBy,Crm.GroupProducts,DeletedBy,Crm.Users
FK_GroupProducts_Users_UpdatedBy,Crm.GroupProducts,UpdatedBy,Crm.Users
FK_Groups_Users_CreatedBy,Crm.Groups,CreatedBy,Crm.Users
FK_Groups_Users_DeletedBy,Crm.Groups,DeletedBy,Crm.Users
FK_Groups_Users_UpdatedBy,Crm.Groups,UpdatedBy,Crm.Users
FK_Guarantors_Users_CreatedBy,Crm.Guarantors,CreatedBy,Crm.Users
FK_Guarantors_Users_DeletedBy,Crm.Guarantors,DeletedBy,Crm.Users
FK_Guarantors_Users_UpdatedBy,Crm.Guarantors,UpdatedBy,Crm.Users
FK_IntegrationApiLogs_Users_CreatedByUserUid,Crm.IntegrationApiLogs,CreatedByUserUid,Crm.Users
FK_IntegrationApiLogs_Users_DeletedByUserUid,Crm.IntegrationApiLogs,DeletedByUserUid,Crm.Users
FK_IntegrationApiLogs_Users_UpdatedByUserUid,Crm.IntegrationApiLogs,UpdatedByUserUid,Crm.Users
FK_IntegrationApiLogs_Users_CreatedByUserUid1,Crm.IntegrationApiLogs250919,CreatedByUserUid,Crm.Users
FK_IntegrationApiLogs_Users_DeletedByUserUid1,Crm.IntegrationApiLogs250919,DeletedByUserUid,Crm.Users
FK_IntegrationApiLogs_Users_UpdatedByUserUid1,Crm.IntegrationApiLogs250919,UpdatedByUserUid,Crm.Users
FK_InternetSubeLogs_Users_CreatedBy,Crm.InternetSubeLogs,CreatedBy,Crm.Users
FK_InternetSubeLogs_Users_DeletedBy,Crm.InternetSubeLogs,DeletedBy,Crm.Users
FK_InternetSubeLogs_Users_UpdatedBy,Crm.InternetSubeLogs,UpdatedBy,Crm.Users
FK_Inventories_Users_CreatedBy,Crm.Inventories,CreatedBy,Crm.Users
FK_Inventories_Users_DeletedBy,Crm.Inventories,DeletedBy,Crm.Users
FK_Inventories_Users_UpdatedBy,Crm.Inventories,UpdatedBy,Crm.Users
FK_InventoryDebits_Users_CreatedBy,Crm.InventoryDebits,CreatedBy,Crm.Users
FK_InventoryDebits_Users_DeletedBy,Crm.InventoryDebits,DeletedBy,Crm.Users
FK_InventoryDebits_Users_UpdatedBy,Crm.InventoryDebits,UpdatedBy,Crm.Users
FK_InventoryTypes_Users_CreatedBy,Crm.InventoryTypes,CreatedBy,Crm.Users
FK_InventoryTypes_Users_DeletedBy,Crm.InventoryTypes,DeletedBy,Crm.Users
FK_InventoryTypes_Users_UpdatedBy,Crm.InventoryTypes,UpdatedBy,Crm.Users
FK_InvoiceLogoLogs_Users_CreatedBy,Crm.InvoiceLogoLogs,CreatedBy,Crm.Users
FK_InvoiceLogoLogs_Users_DeletedBy,Crm.InvoiceLogoLogs,DeletedBy,Crm.Users
FK_InvoiceLogoLogs_Users_UpdatedBy,Crm.InvoiceLogoLogs,UpdatedBy,Crm.Users
FK_IssueHistories_Users_CreatedBy,Crm.IssueHistories,CreatedBy,Crm.Users
FK_IssueHistories_Users_DeletedBy,Crm.IssueHistories,DeletedBy,Crm.Users
FK_IssueHistories_Users_UpdatedBy,Crm.IssueHistories,UpdatedBy,Crm.Users
FK_Issues_Users_CreatedBy,Crm.Issues,CreatedBy,Crm.Users
FK_Issues_Users_DeletedBy,Crm.Issues,DeletedBy,Crm.Users
FK_Issues_Users_UpdatedBy,Crm.Issues,UpdatedBy,Crm.Users
FK_LeadForms_Users_CreatedBy,Crm.LeadForms,CreatedBy,Crm.Users
FK_LeadForms_Users_DeletedBy,Crm.LeadForms,DeletedBy,Crm.Users
FK_LeadForms_Users_UpdatedBy,Crm.LeadForms,UpdatedBy,Crm.Users
FK_LoginFaileds_Users_CreatedBy,Crm.LoginFaileds,CreatedBy,Crm.Users
FK_LoginFaileds_Users_DeletedBy,Crm.LoginFaileds,DeletedBy,Crm.Users
FK_Logins_Users_CreatedBy,Crm.Logins,CreatedBy,Crm.Users
FK_Logins_Users_DeletedBy,Crm.Logins,DeletedBy,Crm.Users
FK_Logins_Users_UpdatedBy,Crm.Logins,UpdatedBy,Crm.Users
FK_LogoLogs_Users_CreatedBy,Crm.LogoLogs,CreatedBy,Crm.Users
FK_LogoLogs_Users_DeletedBy,Crm.LogoLogs,DeletedBy,Crm.Users
FK_LogoLogs_Users_UpdatedBy,Crm.LogoLogs,UpdatedBy,Crm.Users
FK_LogoPayments_Users_CreatedBy,Crm.LogoPayments,CreatedBy,Crm.Users
FK_LogoPayments_Users_DeletedBy,Crm.LogoPayments,DeletedBy,Crm.Users
FK_LogoPayments_Users_UpdatedBy,Crm.LogoPayments,UpdatedBy,Crm.Users
FK_LogoServiceLogs_Users_CreatedBy,Crm.LogoServiceLogs,CreatedBy,Crm.Users
FK_LogoServiceLogs_Users_DeletedBy,Crm.LogoServiceLogs,DeletedBy,Crm.Users
FK_LogoServiceLogs_Users_UpdatedBy,Crm.LogoServiceLogs,UpdatedBy,Crm.Users
FK_ManuelLeadForCallCenterQueues_Users_CreatedBy,Crm.ManuelLeadForCallCenterQueues,CreatedBy,Crm.Users
FK_ManuelLeadForCallCenterQueues_Users_DeletedBy,Crm.ManuelLeadForCallCenterQueues,DeletedBy,Crm.Users
FK_ManuelLeadForCallCenterQueues_Users_UpdatedBy,Crm.ManuelLeadForCallCenterQueues,UpdatedBy,Crm.Users
FK_MobileApplicationConfigurations_Users_CreatedBy,Crm.MobileApplicationConfigurations,CreatedBy,Crm.Users
FK_MobileApplicationConfigurations_Users_DeletedBy,Crm.MobileApplicationConfigurations,DeletedBy,Crm.Users
FK_MobileApplicationConfigurations_Users_UpdatedBy,Crm.MobileApplicationConfigurations,UpdatedBy,Crm.Users
FK_MobileConfigurationSettings_Users_CreatedBy,Crm.MobileConfigurationSettings,CreatedBy,Crm.Users
FK_MobileConfigurationSettings_Users_DeletedBy,Crm.MobileConfigurationSettings,DeletedBy,Crm.Users
FK_MobileConfigurationSettings_Users_UpdatedBy,Crm.MobileConfigurationSettings,UpdatedBy,Crm.Users
FK_MobilePhoneNumbers_Users_CreatedBy,Crm.MobilePhoneNumbers,CreatedBy,Crm.Users
FK_MobilePhoneNumbers_Users_DeletedBy,Crm.MobilePhoneNumbers,DeletedBy,Crm.Users
FK_MobilePhoneNumbers_Users_UpdatedBy,Crm.MobilePhoneNumbers,UpdatedBy,Crm.Users
FK_ModuleAuths_Users_CreatedBy,Crm.ModuleAuths,CreatedBy,Crm.Users
FK_ModuleAuths_Users_DeletedBy,Crm.ModuleAuths,DeletedBy,Crm.Users
FK_ModuleAuths_Users_UpdatedBy,Crm.ModuleAuths,UpdatedBy,Crm.Users
FK_Modules_Users_CreatedBy,Crm.Modules,CreatedBy,Crm.Users
FK_Modules_Users_DeletedBy,Crm.Modules,DeletedBy,Crm.Users
FK_Modules_Users_UpdatedBy,Crm.Modules,UpdatedBy,Crm.Users
FK_MortgageCosts_Users_CreatedBy,Crm.MortgageCosts,CreatedBy,Crm.Users
FK_MortgageCosts_Users_DeletedBy,Crm.MortgageCosts,DeletedBy,Crm.Users
FK_MortgageCosts_Users_UpdatedBy,Crm.MortgageCosts,UpdatedBy,Crm.Users
FK_MortgageInsurances_Users_CreatedBy,Crm.MortgageInsurances,CreatedBy,Crm.Users
FK_MortgageInsurances_Users_DeletedBy,Crm.MortgageInsurances,DeletedBy,Crm.Users
FK_MortgageInsurances_Users_UpdatedBy,Crm.MortgageInsurances,UpdatedBy,Crm.Users
FK_MortgageLogs_Users_CreatedBy,Crm.MortgageLogs,CreatedBy,Crm.Users
FK_MortgageLogs_Users_DeletedBy,Crm.MortgageLogs,DeletedBy,Crm.Users
FK_MortgageLogs_Users_UpdatedBy,Crm.MortgageLogs,UpdatedBy,Crm.Users
FK_MortgagePledgeVehicleBrandModels_Users_CreatedBy,Crm.MortgagePledgeVehicleBrandModels,CreatedBy,Crm.Users
FK_MortgagePledgeVehicleBrandModels_Users_DeletedBy,Crm.MortgagePledgeVehicleBrandModels,DeletedBy,Crm.Users
FK_MortgagePledgeVehicleBrandModels_Users_UpdatedBy,Crm.MortgagePledgeVehicleBrandModels,UpdatedBy,Crm.Users
FK_MortgageTypes_Users_CreatedBy,Crm.MortgageTypes,CreatedBy,Crm.Users
FK_MortgageTypes_Users_DeletedBy,Crm.MortgageTypes,DeletedBy,Crm.Users
FK_MortgageTypes_Users_UpdatedBy,Crm.MortgageTypes,UpdatedBy,Crm.Users
FK_Mortgages_Users_CreatedBy,Crm.Mortgages,CreatedBy,Crm.Users
FK_Mortgages_Users_DeletedBy,Crm.Mortgages,DeletedBy,Crm.Users
FK_Mortgages_Users_UpdatedBy,Crm.Mortgages,UpdatedBy,Crm.Users
FK_Nationalities_Users_CreatedBy,Crm.Nationalities,CreatedBy,Crm.Users
FK_Nationalities_Users_DeletedBy,Crm.Nationalities,DeletedBy,Crm.Users
FK_Nationalities_Users_UpdatedBy,Crm.Nationalities,UpdatedBy,Crm.Users
FK_NotaryLists_Users_CreatedBy,Crm.NotaryLists,CreatedBy,Crm.Users
FK_NotaryLists_Users_DeletedBy,Crm.NotaryLists,DeletedBy,Crm.Users
FK_NotaryLists_Users_UpdatedBy,Crm.NotaryLists,UpdatedBy,Crm.Users
FK_NotaryResults_Users_CreatedBy,Crm.NotaryResults,CreatedBy,Crm.Users
FK_NotaryResults_Users_DeletedBy,Crm.NotaryResults,DeletedBy,Crm.Users
FK_NotaryResults_Users_UpdatedBy,Crm.NotaryResults,UpdatedBy,Crm.Users
FK_NotificationGroupSubscriber_Users_CreatedBy,Crm.NotificationGroupSubscriber,CreatedBy,Crm.Users
FK_NotificationGroupSubscriber_Users_DeletedBy,Crm.NotificationGroupSubscriber,DeletedBy,Crm.Users
FK_NotificationGroupSubscriber_Users_UpdatedBy,Crm.NotificationGroupSubscriber,UpdatedBy,Crm.Users
FK_NotificationGroups_Users_CreatedBy,Crm.NotificationGroups,CreatedBy,Crm.Users
FK_NotificationGroups_Users_DeletedBy,Crm.NotificationGroups,DeletedBy,Crm.Users
FK_NotificationGroups_Users_UpdatedBy,Crm.NotificationGroups,UpdatedBy,Crm.Users
FK_NotificationLogs_Users_CreatedBy,Crm.NotificationLogs,CreatedBy,Crm.Users
FK_NotificationLogs_Users_DeletedBy,Crm.NotificationLogs,DeletedBy,Crm.Users
FK_NotificationLogs_Users_UpdatedBy,Crm.NotificationLogs,UpdatedBy,Crm.Users
FK_NotificationVariables_Users_CreatedBy,Crm.NotificationVariables,CreatedBy,Crm.Users
FK_NotificationVariables_Users_DeletedBy,Crm.NotificationVariables,DeletedBy,Crm.Users
FK_NotificationVariables_Users_UpdatedBy,Crm.NotificationVariables,UpdatedBy,Crm.Users
FK_Occupations_Users_CreatedBy,Crm.Occupations,CreatedBy,Crm.Users
FK_Occupations_Users_DeletedBy,Crm.Occupations,DeletedBy,Crm.Users
FK_Occupations_Users_UpdatedBy,Crm.Occupations,UpdatedBy,Crm.Users
FK_OffsetLogs_Users_CreatedBy,Crm.OffsetLogs,CreatedBy,Crm.Users
FK_OffsetLogs_Users_DeletedBy,Crm.OffsetLogs,DeletedBy,Crm.Users
FK_OffsetLogs_Users_UpdatedBy,Crm.OffsetLogs,UpdatedBy,Crm.Users
FK_OnlineUsers_Users_CreatedBy,Crm.OnlineUsers,CreatedBy,Crm.Users
FK_OnlineUsers_Users_DeletedBy,Crm.OnlineUsers,DeletedBy,Crm.Users
FK_OnlineUsers_Users_UpdatedBy,Crm.OnlineUsers,UpdatedBy,Crm.Users
FK_Opportunities_Users_CreatedBy,Crm.Opportunities,CreatedBy,Crm.Users
FK_Opportunities_Users_DeletedBy,Crm.Opportunities,DeletedBy,Crm.Users
FK_Opportunities_Users_UpdatedBy,Crm.Opportunities,UpdatedBy,Crm.Users
FK_OrganizationAreas_Users_CreatedBy,Crm.OrganizationAreas,CreatedBy,Crm.Users
FK_OrganizationAreas_Users_DeletedBy,Crm.OrganizationAreas,DeletedBy,Crm.Users
FK_OrganizationAreas_Users_UpdatedBy,Crm.OrganizationAreas,UpdatedBy,Crm.Users
FK_OrganizationHistories_Users_CreatedBy,Crm.OrganizationHistories,CreatedBy,Crm.Users
FK_OrganizationHistories_Users_DeletedBy,Crm.OrganizationHistories,DeletedBy,Crm.Users
FK_OrganizationHistories_Users_UpdatedBy,Crm.OrganizationHistories,UpdatedBy,Crm.Users
FK_OrganizationMonthlyTargets_Users_CreatedBy,Crm.OrganizationMonthlyTargets,CreatedBy,Crm.Users
FK_OrganizationMonthlyTargets_Users_DeletedBy,Crm.OrganizationMonthlyTargets,DeletedBy,Crm.Users
FK_OrganizationMonthlyTargets_Users_UpdatedBy,Crm.OrganizationMonthlyTargets,UpdatedBy,Crm.Users
FK_Organizations_Users_CreatedBy,Crm.Organizations,CreatedBy,Crm.Users
FK_Organizations_Users_DeletedBy,Crm.Organizations,DeletedBy,Crm.Users
FK_Organizations_Users_UpdatedBy,Crm.Organizations,UpdatedBy,Crm.Users
FK_Performances_Users_CreatedBy,Crm.Performances,CreatedBy,Crm.Users
FK_Performances_Users_DeletedBy,Crm.Performances,DeletedBy,Crm.Users
FK_Performances_Users_UpdatedBy,Crm.Performances,UpdatedBy,Crm.Users
FK_PlannedPeriodicDeliveryAmounts_Users_CreatedBy,Crm.PlannedPeriodicDeliveryAmounts,CreatedBy,Crm.Users
FK_PlannedPeriodicDeliveryAmounts_Users_DeletedBy,Crm.PlannedPeriodicDeliveryAmounts,DeletedBy,Crm.Users
FK_PlannedPeriodicDeliveryAmounts_Users_UpdatedBy,Crm.PlannedPeriodicDeliveryAmounts,UpdatedBy,Crm.Users
FK_Portfolios_Users_CreatedByUserUid,Crm.Portfolios,CreatedByUserUid,Crm.Users
FK_Portfolios_Users_DeletedByUserUid,Crm.Portfolios,DeletedByUserUid,Crm.Users
FK_Portfolios_Users_UpdatedByUserUid,Crm.Portfolios,UpdatedByUserUid,Crm.Users
FK_PosPayments_Users_CreatedBy,Crm.PosPayments,CreatedBy,Crm.Users
FK_PosPayments_Users_DeletedBy,Crm.PosPayments,DeletedBy,Crm.Users
FK_PosPayments_Users_UpdatedBy,Crm.PosPayments,UpdatedBy,Crm.Users
FK_PostVirmanQueues_Users_CreatedBy,Crm.PostVirmanQueues,CreatedBy,Crm.Users
FK_PostVirmanQueues_Users_DeletedBy,Crm.PostVirmanQueues,DeletedBy,Crm.Users
FK_PostVirmanQueues_Users_UpdatedBy,Crm.PostVirmanQueues,UpdatedBy,Crm.Users
FK_PremiumBranchRates_Users_CreatedBy,Crm.PremiumBranchRates,CreatedBy,Crm.Users
FK_PremiumBranchRates_Users_DeletedBy,Crm.PremiumBranchRates,DeletedBy,Crm.Users
FK_PremiumBranchRates_Users_UpdatedBy,Crm.PremiumBranchRates,UpdatedBy,Crm.Users
FK_PremiumContracts_Users_CreatedBy,Crm.PremiumContracts,CreatedBy,Crm.Users
FK_PremiumContracts_Users_DeletedBy,Crm.PremiumContracts,DeletedBy,Crm.Users
FK_PremiumContracts_Users_UpdatedBy,Crm.PremiumContracts,UpdatedBy,Crm.Users
FK_PremiumItems_Users_CreatedBy,Crm.PremiumItems,CreatedBy,Crm.Users
FK_PremiumItems_Users_DeletedBy,Crm.PremiumItems,DeletedBy,Crm.Users
FK_PremiumItems_Users_UpdatedBy,Crm.PremiumItems,UpdatedBy,Crm.Users
FK_PremiumTimingGroups_Users_CreatedBy,Crm.PremiumTimingGroups,CreatedBy,Crm.Users
FK_PremiumTimingGroups_Users_DeletedBy,Crm.PremiumTimingGroups,DeletedBy,Crm.Users
FK_PremiumTimingGroups_Users_UpdatedBy,Crm.PremiumTimingGroups,UpdatedBy,Crm.Users
FK_PremiumTimings_Users_CreatedBy,Crm.PremiumTimings,CreatedBy,Crm.Users
FK_PremiumTimings_Users_DeletedBy,Crm.PremiumTimings,DeletedBy,Crm.Users
FK_PremiumTimings_Users_UpdatedBy,Crm.PremiumTimings,UpdatedBy,Crm.Users
FK_PremiumUserTypeRates_Users_CreatedBy,Crm.PremiumUserTypeRates,CreatedBy,Crm.Users
FK_PremiumUserTypeRates_Users_DeletedBy,Crm.PremiumUserTypeRates,DeletedBy,Crm.Users
FK_PremiumUserTypeRates_Users_UpdatedBy,Crm.PremiumUserTypeRates,UpdatedBy,Crm.Users
FK_Premiums_Users_CreatedBy,Crm.Premiums,CreatedBy,Crm.Users
FK_Premiums_Users_DeletedBy,Crm.Premiums,DeletedBy,Crm.Users
FK_Premiums_Users_UpdatedBy,Crm.Premiums,UpdatedBy,Crm.Users
FK_Products_Users_CreatedBy,Crm.Products,CreatedBy,Crm.Users
FK_Products_Users_DeletedBy,Crm.Products,DeletedBy,Crm.Users
FK_Products_Users_UpdatedBy,Crm.Products,UpdatedBy,Crm.Users
FK_QualityAnswers_Users_CreatedBy,Crm.QualityAnswers,CreatedBy,Crm.Users
FK_QualityAnswers_Users_DeletedBy,Crm.QualityAnswers,DeletedBy,Crm.Users
FK_QualityAnswers_Users_UpdatedBy,Crm.QualityAnswers,UpdatedBy,Crm.Users
FK_QualityForms_Users_CreatedBy,Crm.QualityForms,CreatedBy,Crm.Users
FK_QualityForms_Users_DeletedBy,Crm.QualityForms,DeletedBy,Crm.Users
FK_QualityForms_Users_UpdatedBy,Crm.QualityForms,UpdatedBy,Crm.Users
FK_QualityNotes_Users_CreatedBy,Crm.QualityNotes,CreatedBy,Crm.Users
FK_QualityNotes_Users_DeletedBy,Crm.QualityNotes,DeletedBy,Crm.Users
FK_QualityNotes_Users_UpdatedBy,Crm.QualityNotes,UpdatedBy,Crm.Users
FK_QualityQuestions_Users_CreatedBy,Crm.QualityQuestions,CreatedBy,Crm.Users
FK_QualityQuestions_Users_DeletedBy,Crm.QualityQuestions,DeletedBy,Crm.Users
FK_QualityQuestions_Users_UpdatedBy,Crm.QualityQuestions,UpdatedBy,Crm.Users
FK_RepContracts_Users_CreatedBy,Crm.RepContracts,CreatedBy,Crm.Users
FK_RepContracts_Users_DeletedBy,Crm.RepContracts,DeletedBy,Crm.Users
FK_RepContracts_Users_UpdatedBy,Crm.RepContracts,UpdatedBy,Crm.Users
FK_RepGifts_Users_CreatedBy,Crm.RepGifts,CreatedBy,Crm.Users
FK_RepGifts_Users_DeletedBy,Crm.RepGifts,DeletedBy,Crm.Users
FK_RepGifts_Users_UpdatedBy,Crm.RepGifts,UpdatedBy,Crm.Users
FK_RepIbans_Users_CreatedBy,Crm.RepIbans,CreatedBy,Crm.Users
FK_RepIbans_Users_DeletedBy,Crm.RepIbans,DeletedBy,Crm.Users
FK_RepIbans_Users_UpdatedBy,Crm.RepIbans,UpdatedBy,Crm.Users
FK_RepPaymentDetails_Users_CreatedBy,Crm.RepPaymentDetails,CreatedBy,Crm.Users
FK_RepPaymentDetails_Users_DeletedBy,Crm.RepPaymentDetails,DeletedBy,Crm.Users
FK_RepPaymentDetails_Users_UpdatedBy,Crm.RepPaymentDetails,UpdatedBy,Crm.Users
FK_RepPaymentGroups_Users_CreatedBy,Crm.RepPaymentGroups,CreatedBy,Crm.Users
FK_RepPaymentGroups_Users_DeletedBy,Crm.RepPaymentGroups,DeletedBy,Crm.Users
FK_RepPaymentGroups_Users_UpdatedBy,Crm.RepPaymentGroups,UpdatedBy,Crm.Users
FK_RepPayments_Users_CreatedBy,Crm.RepPayments,CreatedBy,Crm.Users
FK_RepPayments_Users_DeletedBy,Crm.RepPayments,DeletedBy,Crm.Users
FK_RepPayments_Users_UpdatedBy,Crm.RepPayments,UpdatedBy,Crm.Users
FK_RepPointLogs_Users_CreatedBy,Crm.RepPointLogs,CreatedBy,Crm.Users
FK_RepPointLogs_Users_DeletedBy,Crm.RepPointLogs,DeletedBy,Crm.Users
FK_RepPointLogs_Users_UpdatedBy,Crm.RepPointLogs,UpdatedBy,Crm.Users
FK_RepPoints_Users_CreatedBy,Crm.RepPoints,CreatedBy,Crm.Users
FK_RepPoints_Users_DeletedBy,Crm.RepPoints,DeletedBy,Crm.Users
FK_RepPoints_Users_UpdatedBy,Crm.RepPoints,UpdatedBy,Crm.Users
FK_Reps_Users_CreatedBy,Crm.Reps,CreatedBy,Crm.Users
FK_Reps_Users_DeletedBy,Crm.Reps,DeletedBy,Crm.Users
FK_Reps_Users_UpdatedBy,Crm.Reps,UpdatedBy,Crm.Users
FK_RestDay_Users_CreatedBy,Crm.RestDays,CreatedBy,Crm.Users
FK_RestDay_Users_DeletedBy,Crm.RestDays,DeletedBy,Crm.Users
FK_RestDay_Users_UpdatedBy,Crm.RestDays,UpdatedBy,Crm.Users
FK_RiskTrackingCosts_Users_CreatedBy,Crm.RiskTrackingCosts,CreatedBy,Crm.Users
FK_RiskTrackingCosts_Users_DeletedBy,Crm.RiskTrackingCosts,DeletedBy,Crm.Users
FK_RiskTrackingCosts_Users_UpdatedBy,Crm.RiskTrackingCosts,UpdatedBy,Crm.Users
FK_RiskTrackingLawyers_Users_CreatedBy,Crm.RiskTrackingLawyers,CreatedBy,Crm.Users
FK_RiskTrackingLawyers_Users_DeletedBy,Crm.RiskTrackingLawyers,DeletedBy,Crm.Users
FK_RiskTrackingLawyers_Users_UpdatedBy,Crm.RiskTrackingLawyers,UpdatedBy,Crm.Users
FK_RiskTrackings_Users_CreatedBy,Crm.RiskTrackings,CreatedBy,Crm.Users
FK_RiskTrackings_Users_DeletedBy,Crm.RiskTrackings,DeletedBy,Crm.Users
FK_RiskTrackings_Users_UpdatedBy,Crm.RiskTrackings,UpdatedBy,Crm.Users
FK_RoleTargets_Users_CreatedBy,Crm.RoleTargets,CreatedBy,Crm.Users
FK_RoleTargets_Users_DeletedBy,Crm.RoleTargets,DeletedBy,Crm.Users
FK_RoleTargets_Users_UpdatedBy,Crm.RoleTargets,UpdatedBy,Crm.Users
FK_Roles_Users_CreatedBy,Crm.Roles,CreatedBy,Crm.Users
FK_Roles_Users_DeletedBy,Crm.Roles,DeletedBy,Crm.Users
FK_Roles_Users_UpdatedBy,Crm.Roles,UpdatedBy,Crm.Users
FK_ServiceConfigurations_Users_CreatedByUserUid,Crm.ServiceConfigurations,CreatedByUserUid,Crm.Users
FK_ServiceConfigurations_Users_DeletedByUserUid,Crm.ServiceConfigurations,DeletedByUserUid,Crm.Users
FK_ServiceConfigurations_Users_UpdatedByUserUid,Crm.ServiceConfigurations,UpdatedByUserUid,Crm.Users
FK_ServiceRateRanges_Users_CreatedBy,Crm.ServiceRateRanges,CreatedBy,Crm.Users
FK_ServiceRateRanges_Users_DeletedBy,Crm.ServiceRateRanges,DeletedBy,Crm.Users
FK_ServiceRateRanges_Users_UpdatedBy,Crm.ServiceRateRanges,UpdatedBy,Crm.Users
FK_Services_Users_CreatedByUserUid,Crm.Services,CreatedByUserUid,Crm.Users
FK_Services_Users_DeletedByUserUid,Crm.Services,DeletedByUserUid,Crm.Users
FK_Services_Users_UpdatedByUserUid,Crm.Services,UpdatedByUserUid,Crm.Users
FK_SetOffLogs_Users_CreatedBy,Crm.SetOffLogs,CreatedBy,Crm.Users
FK_SetOffLogs_Users_DeletedBy,Crm.SetOffLogs,DeletedBy,Crm.Users
FK_SetOffLogs_Users_UpdatedBy,Crm.SetOffLogs,UpdatedBy,Crm.Users
FK_Simulations_Users_CreatedBy,Crm.Simulations,CreatedBy,Crm.Users
FK_Simulations_Users_DeletedBy,Crm.Simulations,DeletedBy,Crm.Users
FK_Simulations_Users_UpdatedBy,Crm.Simulations,UpdatedBy,Crm.Users
FK_SmsGroups_Users_CreatedBy,Crm.SmsGroups,CreatedBy,Crm.Users
FK_SmsGroups_Users_DeletedBy,Crm.SmsGroups,DeletedBy,Crm.Users
FK_SmsGroups_Users_UpdatedBy,Crm.SmsGroups,UpdatedBy,Crm.Users
FK_SmsLogs_Users_CreatedBy,Crm.SmsLogs,CreatedBy,Crm.Users
FK_SmsLogs_Users_DeletedBy,Crm.SmsLogs,DeletedBy,Crm.Users
FK_SmsLogs_Users_UpdatedBy,Crm.SmsLogs,UpdatedBy,Crm.Users
FK_SmsTemplates_Users_CreatedBy,Crm.SmsTemplates,CreatedBy,Crm.Users
FK_SmsTemplates_Users_DeletedBy,Crm.SmsTemplates,DeletedBy,Crm.Users
FK_SmsTemplates_Users_UpdatedBy,Crm.SmsTemplates,UpdatedBy,Crm.Users
FK_SmsVerificationCodes_Users_DeletedBy,Crm.SmsVerificationCodes,DeletedBy,Crm.Users
FK_SmsVerificationCodes_Users_UpdatedBy,Crm.SmsVerificationCodes,UpdatedBy,Crm.Users
FK_SustainabilityFeatureValues_Users_CreatedBy,Crm.SustainabilityFeatureValues,CreatedBy,Crm.Users
FK_SustainabilityFeatureValues_Users_DeletedBy,Crm.SustainabilityFeatureValues,DeletedBy,Crm.Users
FK_SustainabilityFeatureValues_Users_UpdatedBy,Crm.SustainabilityFeatureValues,UpdatedBy,Crm.Users
FK_SustainabilityReports_Users_CreatedBy,Crm.SustainabilityReports,CreatedBy,Crm.Users
FK_SustainabilityReports_Users_DeletedBy,Crm.SustainabilityReports,DeletedBy,Crm.Users
FK_SustainabilityReports_Users_UpdatedBy,Crm.SustainabilityReports,UpdatedBy,Crm.Users
FK_TicketHistories_Users_CreatedBy,Crm.TicketHistories,CreatedBy,Crm.Users
FK_TicketHistories_Users_DeletedBy,Crm.TicketHistories,DeletedBy,Crm.Users
FK_TicketHistories_Users_UpdatedBy,Crm.TicketHistories,UpdatedBy,Crm.Users
FK_Tickets_Users_CreatedBy,Crm.Tickets,CreatedBy,Crm.Users
FK_Tickets_Users_DeletedBy,Crm.Tickets,DeletedBy,Crm.Users
FK_Tickets_Users_UpdatedBy,Crm.Tickets,UpdatedBy,Crm.Users
FK_UnauthorizedProcessLogs_Users_CreatedBy,Crm.UnauthorizedProcessLogs,CreatedBy,Crm.Users
FK_UnauthorizedProcessLogs_Users_DeletedBy,Crm.UnauthorizedProcessLogs,DeletedBy,Crm.Users
FK_UnauthorizedProcessLogs_Users_UpdatedBy,Crm.UnauthorizedProcessLogs,UpdatedBy,Crm.Users
FK_UserHistories_Users_CreatedBy,Crm.UserHistories,CreatedBy,Crm.Users
FK_UserHistories_Users_DeletedBy,Crm.UserHistories,DeletedBy,Crm.Users
FK_UserHistories_Users_UpdatedBy,Crm.UserHistories,UpdatedBy,Crm.Users
FK_UserPortfolios_Users_CreatedBy,Crm.UserPortfolios,CreatedBy,Crm.Users
FK_UserPortfolios_Users_DeletedBy,Crm.UserPortfolios,DeletedBy,Crm.Users
FK_UserPortfolios_Users_UpdatedBy,Crm.UserPortfolios,UpdatedBy,Crm.Users
FK_UserResponsibleBranches_Users_CreatedBy,Crm.UserResponsibleBranches,CreatedBy,Crm.Users
FK_UserResponsibleBranches_Users_DeletedBy,Crm.UserResponsibleBranches,DeletedBy,Crm.Users
FK_UserResponsibleBranches_Users_UpdatedBy,Crm.UserResponsibleBranches,UpdatedBy,Crm.Users
FK_UserRoles_Users_CreatedBy,Crm.UserRoles,CreatedBy,Crm.Users
FK_UserRoles_Users_DeletedBy,Crm.UserRoles,DeletedBy,Crm.Users
FK_UserRoles_Users_UpdatedBy,Crm.UserRoles,UpdatedBy,Crm.Users
FK_UserTargets_Users_CreatedBy,Crm.UserTargets,CreatedBy,Crm.Users
FK_UserTargets_Users_DeletedBy,Crm.UserTargets,DeletedBy,Crm.Users
FK_UserTargets_Users_UpdatedBy,Crm.UserTargets,UpdatedBy,Crm.Users
FK_Users_Users_CreatedBy,Crm.Users,CreatedBy,Crm.Users
FK_Users_Users_DeletedBy,Crm.Users,DeletedBy,Crm.Users
FK_Users_Users_UpdatedBy,Crm.Users,UpdatedBy,Crm.Users
FK_VariableIndexGroups_Users_CreatedBy,Crm.VariableIndexGroups,CreatedBy,Crm.Users
FK_VariableIndexGroups_Users_DeletedBy,Crm.VariableIndexGroups,DeletedBy,Crm.Users
FK_VariableIndexGroups_Users_UpdatedBy,Crm.VariableIndexGroups,UpdatedBy,Crm.Users
FK_VariableIndexs_Users_CreatedBy,Crm.VariableIndexs,CreatedBy,Crm.Users
FK_VariableIndexs_Users_DeletedBy,Crm.VariableIndexs,DeletedBy,Crm.Users
FK_VariableIndexs_Users_UpdatedBy,Crm.VariableIndexs,UpdatedBy,Crm.Users
FK_VirtualPosCommisions_Users_CreatedBy,Crm.VirtualPosCommisions,CreatedBy,Crm.Users
FK_VirtualPosCommisions_Users_DeletedBy,Crm.VirtualPosCommisions,DeletedBy,Crm.Users
FK_VirtualPosCommisions_Users_UpdatedBy,Crm.VirtualPosCommisions,UpdatedBy,Crm.Users
FK_VirtualPosLogs_Users_CreatedBy,Crm.VirtualPosLogs,CreatedBy,Crm.Users
FK_VirtualPosLogs_Users_DeletedBy,Crm.VirtualPosLogs,DeletedBy,Crm.Users
FK_VirtualPosLogs_Users_UpdatedBy,Crm.VirtualPosLogs,UpdatedBy,Crm.Users
